{
    "incoming": [
        {
            "p": "h3rl/Q==",
            "g": "Ag==",
            "A": "QpFOyA=="
        },
        {
            "rpc": "6+lX9noxcSrRAnTbQMYdPg=="
        },
        {
            "rpc": "15AsYtxN//27mQ/lDUAJOjApyeXQx65dFso1oP7w8Qw="
        }
    ],
    "outgoing": [
        {
            "B": "Ph6IeA=="
        },
        {
            "return": "GkSU2VwQyFe5Jt0Vd0cfxw=="
        },
        {
            "return": "3eWXhpQagWGMlfc71Qxd2QMvy4EVIyLfP54Jm6lpyHot6Qz+U7t3q2DdKnOxZBQf"
        }
    ]
}